,city,job_title,company_name,location,summary,salary
1,New+York,Principal Senior Data Scientist,Barnes & Noble College,"New York, NY",Providing day-to-day guidance to a junior data scientists and analysts. BNED LoudCloud is looking for an exceptional senior data scientist in NYC....,Nothing_found
2,New+York,Data Scientist,KPMG,"New York, NY 10154","KPMG is currently seeking a Data Scientist to join our Advanced Data Analytics Organization. Retrieve, prepare, and process a rich data variety of data sources...",Nothing_found
3,New+York,Quantitative Researcher in Machine Learning,"Two Sigma Investments, LLC.","New York, NY","Two Sigma combines massive amounts of data, world-class computing power, and statistical expertise to develop sophisticated trading models....",Nothing_found
4,New+York,Technology - GSAM Tech - Data Science and Machine Learning Engineer,Goldman Sachs,"New York, NY 10282 (Tribeca area)",IMD Knowledge Management team is looking to expand its presence in New York with the addition of a senior data scientist and machine learning engineer....,Nothing_found
5,New+York,Strategist/Quantitative Analyst - Flow Equity Derivative Strat team,Morgan Stanley,"New York, NY 10032 (Washington Heights area)",Work closely with traders to analyse large data sets with an aim to assist decision making & increase efficiency in trading....,Nothing_found
6,New+York,Equity Core Strat Team Strategist/Quantitative Analyst,Morgan Stanley,"New York, NY 10032 (Washington Heights area)","Morgan Stanley is a leading global financial services firm providing a wide range of investment banking, securities, investment management and wealth...",Nothing_found
7,New+York,Data Science Engineer,Pluvio,New York State,About the Data Scientist position. Pluvio is a data driven tech company looking for an experienced Lead Data Scientist to help us scale our data science team....,Nothing_found
8,New+York,Gain Theory – Data Scientist/Statistical Modeler,GroupM,"New York, NY","Gain Theory has an opening in New York City, USA for a Data Scientist or Statistical Modeler. Gain Theory – Data Scientist/Statistical Modeler....",Nothing_found
9,New+York,Machine Learning / Speech Recognition SDE,Speech Up,"New York, NY",Speech Up is a mobile speech therapy platform for kids. Speech Up gamifies the speech therapy process to help the one in twelve kids born with a speech...,Nothing_found
10,New+York,Data Scientist,Healthfirst,"New York, NY",The Data Scientist helps Healthfirst discover the information hidden in vast amounts of data so that informed Enrollment and Billing decisions are made in...,Nothing_found
11,New+York,"Quant – Data Mining, Machine Learning, Financial Markets",maven,"New York, NY","PhD with a focus on data mining, machine learning and or closely related field. 2 -5 years of experience as a researcher applying data mining and or machine...",Nothing_found
12,New+York,"Data Scientist, Forecast Analyst",NBCUniversal,"New York, NY",Experience with data visualization techniques and concepts. Ease in picking up new data / analytic tools. Working knowledge of statistical principles and its...,Nothing_found
13,New+York,Data Scientist,Plug Power Inc.,"Latham, NY 12110",The Data Scientist will be interacting daily with various departments throughout the company. The Data Scientist will focus on analytical diagnostics and...,Nothing_found
14,New+York,Data Scientist,Darwin Recruitment,"New York, NY",Together we are searching for multiple Data Scientists to join an exciting department that are responsible for the development of various systems that manage...,"$150,000 - $180,000 a year"
15,New+York,"Associate, Data Scientist - Optimization",KPMG,"New York, NY 10154","KPMG is currently seeking an Associate, Data Scientist - Optimization, to join our Advanced Data and Analytics Organization....",Nothing_found
16,Chicago,Data Scientist,"Vizient, Inc.","Chicago, IL 60606","Conducts exploratory data analysis from complex, disparate data sources to recognize patterns, and identify member performance improvement opportunities....",Nothing_found
17,Chicago,Scientist - Data and Statistics,United Airlines Inc.,"Chicago, IL 60601","In-depth knowledge of United/Industry data sources. Drives management decisions through descriptive and inquisitive data analytics using tools such as SAS,...",Nothing_found
18,Chicago,Entry-Level Market Research Analyst,Market Track,"Chicago, IL 60606 (Loop area)",Conduct periodic global reviews of the Internet to identify new data sources for clients. Utilize the CyberAnalyst rules engine to set up data collection and...,Nothing_found
19,Chicago,Loyalty - Research Analyst (Entry-Level),Ipsos North America,"Chicago, IL","Find new spins on data visualization, attend and learn at the presentation stage. The ideal candidate is a business-minded individual who is interested in and...",Nothing_found
20,Chicago,Data Science Summer Intern,Motorola Solutions,"Chicago, IL 60604 (Loop area)","This summer intern will work with data scientists and data engineers in the investigation and maturation of data-driven solutions utilizing Python, R, and other...",Nothing_found
21,Chicago,Data Scientist,Knowles,"Itasca, IL","Define data structures, evaluate data quality, perform appropriate data analyses using software such as JMP, Minitab, R, Python and MATLAB....",Nothing_found
22,Chicago,Sr Data Scientist – Modeling,TransReach,"Chicago, IL",Familiarity with financial services industry/ data. Data and analytical infrastructure development and system integration....,Nothing_found
23,Chicago,Fixed Income Quantitative Research Analyst,UBS,"Chicago, IL 60606 (Loop area)","Intellectually curious, accountable and data driven. Are you excited about learning and developing quantitative tools and solutions?...",Nothing_found
24,Chicago,Predictive Analytics Modeling,CVS Health,"Northbrook, IL",Developing innovative analytic approaches leveraging available internal and external data sources; Working with administrative claims data such as pharmacy or...,Nothing_found
25,Chicago,Sr. Data Scientist,Nielsen,"Chicago, IL 60647 (Logan Square area)","Data Scientist is responsible for supporting all analytical needs for the Methods Center. Our Data Scientists come from diverse disciplines such as statistics,...",Nothing_found
26,Chicago,"Digital Payer Consultant - Healthcare Analytics, New Ventures",McKinsey & Company,"Chicago, IL","As one of the fastest-growing parts of our firm, New Ventures has more than 1,500 dedicated professionals (including more than 800 analysts and data scientists)...",Nothing_found
27,Chicago,Urban Center for Computation & Data Admin Asst,University of Chicago,"Chicago, IL","The Center works closely with other University units including the CI, Computer Science Department, and Mansueto Institute for Urban Sciences, utilizing...",Nothing_found
28,Chicago,Data Scientist/Statistics - Applied Technology,Crowe Horwath,"Chicago, IL 60606",Both the Data Scientist – Statistics and Data Scientist – Modeling posted positions sit within the Advanced Data Science group....,Nothing_found
29,Chicago,Data Scientist,CVS Health,"Northbrook, IL","The successful Data Scientist will translate business needs into analytic questions; Consider the position of Data Scientist, where your experience in advanced...",Nothing_found
30,Chicago,Lead Data Scientist,HUB International,"Chicago, IL 60664",The Lead Data Scientist position develops and implements a process to identify management's intelligence needs;...,Nothing_found
31,San+Francisco,Data Scientist,Sage,"San Francisco, CA","As part of the new London based team, the Data Scientist will be responsible for delivering data based insights & KPI’s most relevant to our SMB customers....",Nothing_found
32,San+Francisco,Data Scientist,Indeed,"San Francisco, CA","As a Data Scientist at Indeed your role is to follow the data. Can fish for data:. Have full stack experience in data collection, aggregation, analysis,...",Nothing_found
33,San+Francisco,Data Scientist,Smule,"San Francisco, CA 94107 (South Of Market area)","Familiarity with ""big data"" tools:. Ability to eloquently form an argument backed up by data. You will be responsible for creating data products with direct...",Nothing_found
34,San+Francisco,"Data Scientist, Supply",AdRoll,"San Francisco, CA 94103 (South Of Market area)","We are seeking a Data Scientist to improve the sophistication of our supply strategy and campaign performance through experimentation, analysis, and predictive...",Nothing_found
35,San+Francisco,Data Scientist | San Francisco | Model Development Group,Carbon Lighthouse,"San Francisco, CA","Data Scientists in the Model Development Group directly influence our operations, focusing on improvements like:....",Nothing_found
36,San+Francisco,Data Scientist I,Big Fish Games,"Oakland, CA 94612 (Northgate area)","2-3 years of prior data analysis experience. Perform data discovery, collection and integration of game and player data from multiple source systems to arrive...",Nothing_found
37,San+Francisco,Machine Learning Engineer,Mobilyte,"San Francisco, CA","You'll need to have:  * Python or Ruby experience * Experience with RDBMs: MySQL, Postgres * Experience with modeling toolkits: TensorFlow, SciKit *...",Nothing_found
38,San+Francisco,Senior Data Science Instructor,Databricks,"San Francisco, CA","As an instructor at Databricks you will teach data scientists, data engineers, and analysts about Spark using a training platform and courseware built by the...",Nothing_found
39,San+Francisco,Data Science Engineer,Ancestry,"San Francisco, CA","As a data science engineer, you will focus on building tools to help data scientists iterate faster and work more efficiently....",Nothing_found
40,San+Francisco,"Machine Learning Engineer, Recommendations",Pinterest,"San Francisco, CA 94103 (South Of Market area)","Use Big Data technologies (such as Hadoop, Spark, Storm) to build large scale data mining pipelines. Experience working on production machine learning systems...",Nothing_found
41,San+Francisco,"Machine Learning Engineer, Ads Ranking/Relevance",Pinterest,"San Francisco, CA 94103 (South Of Market area)","Experience working on production machine learning systems at scale, data mining, ads ranking, recommendations, and/or natural language processing....",Nothing_found
42,San+Francisco,Data Science Instructor,"Udacity, Inc.","San Francisco, CA","2+ years experience as a data analyst or data scientist. Strong understanding of statistics, data analysis, and data visualization....",Nothing_found
43,San+Francisco,"Data Scientist, Natural Language Processing",KPMG,"San Francisco, CA 94111","KPMG is currently seeking a Data Scientist to join our Advanced Data Analytics team. Experience with command-line scripting, data structures and algorithms and...",Nothing_found
44,San+Francisco,Data Scientist - Machine Learning,Payette Group,"San Francisco, CA",Data Scientist Machine Learning. Professional experience in developing a data pipeline with custom ETL that accommodates data from multiple sources of data in...,Nothing_found
45,San+Francisco,Junior Data Scientist,Realogy Corporate,"Emeryville, CA","Junior Data Scientist. As a Junior Data Scientist, you’ll be responsible for mastering our data and designing the systems which enable us to use it most...",Nothing_found
46,Austin,Data Engineer,Indeed,"Austin, TX 78731","Work closely with stakeholders on the data demand side (finance, analysts, and data scientists). Develop and maintain data dictionary for published data sources...",Nothing_found
47,Austin,Data Scientist,Collabera,"Austin, TX","Proven experience as a Data Scientist or Data Analyst. Collabera is working with downtown Austin Awesome Company to find smart, talented and passionate Data...",Nothing_found
48,Austin,ML Engineer,Cognitive Scale,"Austin, TX",This position is specifically for people with adequate ML and data mining skills who can engage with customers and potential customers and help translate their...,Nothing_found
49,Austin,Data Scientist,Axius Technologies,"Round Rock, TX","Title: Data Scientist Location: Round Rock, TX Job Description: • Building commercial apps on top of the products and working on these for...",Nothing_found
50,Austin,Software Developer Internship,Ticom,"Austin, TX","Through our Intern program’s on the job training and mentorship, you will gain experience with cutting edge technology alongside engineers and computer...",Nothing_found
51,Austin,CAE ENGINEER,General Motors,"Austin, TX","Understanding of data workflow and analytics software (R, Matlab). PLEASE ONLY APPLY IF YOU DO NOT NEED SPONSORSHIP TO WORK IN THE UNITED STATES NOW OR IN THE...",Nothing_found
52,Austin,Lead Data Science Immersive Instructor,General Assembly,"Austin, TX","We are looking for a Data Scientist to teach our brand new full time class:. You are eager to shape the skills, minds, and trajectories of the newest generation...",Nothing_found
53,Austin,Business Analytics Developer (17000IGC),DELL,"Austin, TX","The Business Analytics Developer functions as solutions architect, database developer, data scientist, and web developer....",Nothing_found
54,Austin,Software Developer-Natural Language Processing,SparkCognition,"Austin, TX 78759 (Arboretum area)","As part of this team you will work alongside world class engineers, data scientists, business leaders and innovators, tackling cutting edge problems in the...",Nothing_found
55,Austin,Software Engineer (MS – NG) for 2018,National Instruments,"Austin, TX","The software you create will be used by scientist, engineers, and other technical professionals to build systems that interact with the real world using...",Nothing_found
56,Austin,Software Engineer (MS – NG) for 2018,National instrument,"Austin, TX","The software you create will be used by scientist, engineers, and other technical professionals to build systems that interact with the real world using...",Nothing_found
57,Austin,Product Manager,Civitas Learning,"Austin, TX",Partner with engineers and data scientists to ensure product requirements are understood and stumbling blocks to rapid development removed....,Nothing_found
58,Austin,"Scientist III Bioinformatics, AgriBusiness",Thermo Fisher Scientific,"Austin, TX 73344",The scientist will utilize and assist in the development of analysis pipelines for automating the design of custom genotyping panels and for analyzing GBS data....,Nothing_found
59,Austin,Data Scientist,Tech Talenta,"Austin, TX","Looking for Data Scientist with Python, GCP, AWS, Calculus, Big Data, Big Query, BigTable, Machine Learning / AI Theory, Data Transformations, Data Science...",Nothing_found
60,Austin,Data Scientist,Indeed,"Austin, TX 78731","As a Data Scientist at Indeed your role is to follow the data. Can fish for data:. Have full stack experience in data collection, aggregation, analysis,...",Nothing_found
61,Seattle,Data Scientist and Predictive Analytics Manager,Thrift Books,"Tukwila, WA",Data mining and ad hoc analysis. The Data Scientist and Predictive Analytics Manager will be involved in data analysis for all segments of the company including...,Nothing_found
62,Seattle,Data Scientist,BOEING,"Seattle, WA",Skilled scientists and thinkers. The Boeing Company is looking for a data scientist to support our Analytics & Information Management Services organization....,Nothing_found
63,Seattle,"Senior Data Scientist, Deep Learning",Pacific Northwest National Laboratory,"Seattle, WA",The senior data scientist in deep learning should. Data Science and Analytics. Our research portfolioâ€”spanning from basic to appliedâ€”includes data and...,Nothing_found
64,Seattle,Data Research Analyst,HERE,"Seattle, WA",Work collaboratively with the Data Strategy team to analyze areas of strategic data needs within the organization....,Nothing_found
65,Seattle,Machine Learning Scientist,Amazon Corporate LLC,"Seattle, WA","Experience in the real-time processing of high-velocity time series data. Experience working with big data and relevant techniques, e.g. unsupervised learning....",Nothing_found
66,Seattle,"Research Scientist, Edge Intelligence",Axon,"Seattle, WA 98103 (Green Lake - Wallingford area)",Ideal Scientist would have done original deep learning research pertaining to real-time video or audio....,Nothing_found
67,Seattle,"Research Engineer, Edge Intelligence",Axon,"Seattle, WA 98103 (Green Lake - Wallingford area)",You have great communication skills and are able to balance working with research scientists and different product teams....,Nothing_found
68,Seattle,Data Scientist,eBay Inc.,"Bellevue, WA","Help eBay take data to the next level. Hadoop, Hive, Pig, Spark, H2O, etc. -A data miner. Be able to extract patterns from large sets of data in order to...",Nothing_found
69,Seattle,Software Engineer- Machine Learning,Belkin,"Seattle, WA","What you’re getting into We’ve got big collaborative spaces for your big ideas, so bring an open mind and leave your suit in the closet. We all are committed...",Nothing_found
70,Seattle,"Software Engineer, Machine Learning",Facebook,"Seattle, WA","Machine learning, recommendation systems, pattern recognition, data mining or artificial intelligence. Develop highly scalable classifiers and tools leveraging...",Nothing_found
71,Seattle,Senior Data Scientist,Getty Images,"Seattle, WA 98103 (Green Lake - Wallingford area)",You also know that machine learning isn't the only aspect of being a data scientist. You are already a Data Scientist and you are looking for a new challenge....,Nothing_found
72,Seattle,Procurement Analyst - Business Analytics,BOEING,"Renton, WA",Skilled scientists and thinkers. Extracts and analyzes data from multiple sources. Experience using data visualization software such as Tableau (or similar...,Nothing_found
73,Seattle,Senior Data Engineer,Rover,"Seattle, WA","Rover’s data scientists and analysts use when building machine learning algorithms, 2. As our data systems expand so must our Data Engineering Team....",Nothing_found
74,Seattle,Data Scientist,KPMG,"Seattle, WA 98104","KPMG is currently seeking a Data Scientist, to join our Advanced Data and Analytics Organization. Retrieve, process and prepare a rich data variety of data...",Nothing_found
75,Seattle,Data Scientist,Indeed,"Seattle, WA","As a Data Scientist at Indeed your role is to follow the data. Can fish for data:. Have full stack experience in data collection, aggregation, analysis,...",Nothing_found
76,Los+Angeles,Data Scientist/Quantitative Analyst,Magid,"Los Angeles, CA","Data Scientist/Quantitative Analyst/R Programmer – Los Angeles, CA*. Passionate about finding and communicating valuable insights from complex data sets....",Nothing_found
77,Los+Angeles,Senior Data Analytics Consultant,The Griffin Groupe Executive Search,"Los Angeles, CA",Seven or more years of experience as a data scientist or data analytics related position. 10 years experience as a data scientist or equivalent....,Nothing_found
78,Los+Angeles,Lead Data Scientist for Data Analytics,Jet Propulsion Laboratory,"Pasadena, CA",JPL is seeking a Lead Data Scientist for Data Analytics and Uncertainty Quantification to advance data science theory and practice across the JPL mission...,Nothing_found
79,Los+Angeles,Postdoctoral Scientist (Computational Biology),Cedars-Sinai,"Los Angeles, CA","Analyzes, interprets, summarizes and compiles data. The chosen candidate will work alongside oncologists and bench scientists to generate clinically actionable...",Nothing_found
80,Los+Angeles,Software Engineer - Machine Learning,Raytheon,"Pasadena, CA 91107","Scikit-learn, SciPy, Apache Big Data Suite, openCV Data Exposure:. Geospatial / space-based data, Natural Language Processing, Remote Imaging Architecture...",Nothing_found
81,Los+Angeles,Senior Data Scientist,BCG Digital Ventures,"Manhattan Beach, CA","Big Data and Fast Data (i.e.:. Build innovative data products (e.g., Artificial Intelligence, real-time services, such as personalization and commerce graphing...",Nothing_found
82,Los+Angeles,Research Analyst,The Expert Institute,"Los Angeles, CA 90067",Overview: The Expert Institute is a high growth tech start-up that has been disrupting the legal space since 2010. We are the fastest growing platform for...,Nothing_found
83,Los+Angeles,Market Research Analyst - Analyst Development Program,Ipsos North America,"Culver City, CA","Love data, consumer decision-making, and puzzles. Would you like to work with a team of passionate problem-solvers dedicated to bringing research insights and...",Nothing_found
84,Los+Angeles,HUMAN RESOURCES ANALYST III - TEST RESEARCH,Los Angeles County Department of Human Resources,"Los Angeles, CA","A multiple choice test measuring quantitative problem solving, reading comprehension, reasoning, and data interpretation....",Nothing_found
85,Los+Angeles,"Scientist I, Antigen Expression",Thermo Fisher Scientific,"Canoga Park, CA 91304","General laboratory and office environment, prolonged standing/walking and sitting positions are sometimes necessary for conducting experiments, data input, and...",Nothing_found
86,Los+Angeles,Data Analysis Associate,Huntington,"Anaheim, CA","Processes and interprets data from a variety of sources, including the district-wide data system (e.g. Ability to use data management systems....",Nothing_found
87,Los+Angeles,Principal Data Scientist,System1,"Venice, CA",System1 is an organization centered around data and data products. Work with large scale data sets. System1 is hiring a Principal Data Scientist!...,Nothing_found
88,Los+Angeles,Principal Software Engineer/Lead - Data Scientist,Sharp Laboratories of America,"Santa Ana, CA",Principal Software Engineer/Lead - Data Scientist. Sharp Laboratories of America (SLA) is looking for a Principal Software Engineer/Lead - Data Scientist....,Nothing_found
89,Los+Angeles,Software Engineer - Machine Learning,Raytheon,"Pasadena, CA 91107","Scikit-learn, SciPy, Apache Big Data Suite, openCV. Geospatial / space-based data, Natural Language Processing, Remote Imaging....",Nothing_found
90,Los+Angeles,Senior Data Scientist,"TrueCar, Inc.","Santa Monica, CA","The Senior Data Scientist will work in a fast-paced environment, with diverse data sets and technologies to produce production quality, scalable, automated,...",Nothing_found
91,Philadelphia,Data Scientist,Avanade,"Philadelphia, PA","As a Data Scientist, you’ll manage the entire lifecycle of data and analytics programs for our clients. Experience with knowledge discovery and data mining,...",Nothing_found
92,Philadelphia,"Research Scientist - Genetics and Genomics Group Next Generation Sequencing - based in Hopewell, NJ",PPD,"Hopewell, NJ","Implements data processing and analysis workflows, bioinformatics pipelines, and data storage procedures in collaboration with internal and external...",Nothing_found
93,Philadelphia,Senior Data Statistician,QVC,"West Chester, PA","Senior Data Statistician. Senior Data Statistician will be responsible for implementation, monitoring and enhancements to production algorithms....",Nothing_found
94,Philadelphia,"SUPERVISORY INTERDISCIPLINARY SCIENTIST, GS-1320/403/401-14",Department of Health And Human Services,"Philadelphia, PA",Maintaining liaison with scientists and scientific bodies with interests pertinent to laboratory activities....,Nothing_found
95,Philadelphia,Associate Research Scientist,Charles River Laboratories,"King of Prussia, PA 19406","An Associate Research Scientist will serve as a scientist in the conduct of assigned nonclinical research studies of basic complexity, to include study...",Nothing_found
96,Philadelphia,Research Associate,The Law School Admission Council,"Newtown, PA 18940",The Research Associate will also provide data analysis support for research scientists on a project basis. At least 5 years of experience in data processing and...,Nothing_found
97,Philadelphia,Software Engineer,Elsevier,"Philadelphia, PA 19103 (Belmont area)",Understanding of data modeling principles. Ability to work with complex data models. Familiarity of industry best practices — code coverage Proficiency with...,Nothing_found
98,Philadelphia,Buy Side Research Analyst,Susquehanna International Group,"Bala-Cynwyd, PA 19004","Overview As an Analyst on SIG’s Research team, you will partner with our senior analysts and traders to identify investment opportunities in the equity and...",Nothing_found
99,Philadelphia,Scientist,Exponent,"Philadelphia, PA 19104 (Belmont area)","Providing case management, data processing, and other project support. Exponent’s Human Factors Practice is seeking a Scientist for our Philadelphia, PA office....",Nothing_found
100,Philadelphia,Assistant Scientist,Temple University,"Philadelphia, PA","Collecting and recording research data, and analyzing the data; In addition, the Assistant Scientist will maintain inventory of chemicals and laboratory...",Nothing_found
101,Philadelphia,Scientist--DNA Sequencing,Wuxi AppTec,"Philadelphia, PA","Conducts critical review of results and reports data to Study Director, Area Manager or Principal Investigator....",Nothing_found
102,Philadelphia,"Scientist, Electron Microscopist",Wuxi AppTec,"Philadelphia, PA",Correctly analyzes scientific data with accuracy and precision. Participate in the documentation of all assays and perform data review....,Nothing_found
103,Philadelphia,Data Scientist,Principle Solutions Group,"King of Prussia, PA","Advanced Data Analysis, Data Exploration, Data Mining, Data Visualization, Data Reporting and Data Dashboarding....","$140,000 - $160,000 a year"
104,Philadelphia,Postdoc Positions in Medical Imaging (Machine Learning & Big Data),"University of Pennsylvania, Department of Radiology","Philadelphia, PA",Work in our group focuses on developing innovative machine learning and data science methodologies for multimodality image analysis and also on incorporating...,Nothing_found
105,Philadelphia,"Data Scientist, Benefits Innovation",Comcast,"Philadelphia, PA 19103",Additionally the Data Scientist will be able to leverage data to make inferences that create causational relationships in regard to data trends....,Nothing_found
106,Atlanta,Senior Decision Data Scientist,Assurant,"Atlanta, GA 30339",The Senior Decision Data Scientist will design end to end forecasting process for different lines of businesses....,Nothing_found
107,Atlanta,Data Scientist,Systematrix Solutions,"Atlanta, GA","Expertise in data visualization. The data scientist position offered (Entry, Intermediate, Senior) will be based on industry experience, demonstrated...",Nothing_found
108,Atlanta,Senior Software Engineer - AI / Machine Learning / Data Science,SugarCRM,"Atlanta, GA",Research and implement algorithms and models based on our vast customer data sets. The relationship intelligence team is on the forefront of combining...,Nothing_found
109,Atlanta,"Software Engineer, Data Engineering",IgnitionOne,"Atlanta, GA",Advise implementation teams and data scientists on best practices in data processing. IgnitionOne Data Engineers are using cutting edge technologies to build...,Nothing_found
110,Atlanta,Data Scientist,Principle Solutions Group,"Atlanta, GA","Requirements of Data Scientist:. Our client, a Fortune 500 finance company, is looking for a Data Scientist that will be primarily responsible for data analysis...",Nothing_found
111,Atlanta,Associate Data Scientist,North Highland,"Atlanta, GA",Associate Data Scientist. Working on advanced analytical projects for clients under supervision of lead data scientist....,Nothing_found
112,Atlanta,"Software Engineer, Data Engineering","Revenue Analytics, Inc.","Atlanta, GA 30339",Build analytical tools that allow data scientists to solve real world business problems for Fortune 500 companies....,Nothing_found
113,Atlanta,Machine Learning Researcher - CIPHER - 1432,Georgia Tech Research Institute,"Atlanta, GA 30318 (Rockdale area)",Research Scientist II. The Machine Learning Researcher will perform basic and applied research on sponsored programs targeted at integrating machine learning...,Nothing_found
114,Atlanta,Data Scientist (Digital Marketing),Principle Solutions Group,"Atlanta, GA",Data Scientist (Digital Marketing). Data Scientist is responsible for building & developing the necessary skills sets in statistical modeling techniques to...,Nothing_found
115,Atlanta,Advertiser Research Analyst,Cox Media Group,"Atlanta, GA",Data Extraction and Manipulation. Run data queries in Access. Create and proof cross-tabulation data tables in a timely manner....,Nothing_found
116,Atlanta,Safe Water Research Analyst Fellowship - CDC,Oak Ridge Associated Universities,"Atlanta, GA","A position is available in the Environmental Health Services Branch (EHSB), Division of Emergency and Environmental Health Services (DEEHS), National Center...",Nothing_found
117,Atlanta,Tech Spring 2018 Intern - Machine Learning Developer,Turner,"Atlanta, GA 30319",Demonstrated ability to conduct independent research utilizing large data sets. The Turner Story....,Nothing_found
118,Atlanta,DATA SCIENTIST- Space Optimization,The Home Depot,"Atlanta, GA","Extensive work experience in Application Development, Optimization, Data Mining, Data Modeling, and Statistical Analysis....",Nothing_found
119,Atlanta,Sr Data Scientist - Fraud,Assurant,"Atlanta, GA 30339","Data Scientist incorporates. Data Scientist will be a core member of the Data Analytics team and. Programming, data engineering, data management, visualization...",Nothing_found
120,Atlanta,Supply Chain Data Scientist,Clorox,"Alpharetta, GA 30022","Experience extracting, moving, organizing and staging data. Strong working knowledge of multiple data management systems (e.g....",Nothing_found
121,Dallas,Cyber Security Data Scientist,Citi,"Irving, TX",ACD is looking for a cyber security data scientist to develop solutions to complex predictive analytic problems from multiple data sources available in the Citi...,Nothing_found
122,Dallas,Principal Clinical Research Scientist Neuromodulation,ABBOTT LABORATORIES,"Plano, TX",Data integration across platforms and knowledge transfer from pre-clinical experiments to clinical trials. Minimum qualification for this position is a Master’s...,Nothing_found
123,Dallas,Data Visualization Specialist,WorldLink,"Frisco, TX 75034","Data Visualization Specialist. Conceptualize, design and develop data visualization solutions that incorporate complex data concepts into clear data-driven...",Nothing_found
124,Dallas,Statistical Programmer,Exeter Finance LLC,"Irving, TX 75039",Ensure data accuracy by developing processes for identifying data anomalies or logical errors. Prefer prior experience working with credit bureau data....,Nothing_found
125,Dallas,IT Project Manager,NBI Resources,"Richardson, TX",Our core team of Computer scientists and Data Engineers have a passion for building tools that solve our clients most challenging and complex technical problems...,Nothing_found
126,Dallas,Senior Data Engineer,"InfoSpace, Inc.","Irving, TX","Establish lean data governance to drive data standards and data quality. Define and build technical/data architecture for data warehouse, data marts and big...",Nothing_found
127,Dallas,Data Scientist,"ReqRoute,Inc","Dallas, TX","Doctoral Degree or 2+ years of professional data scientist experience. Build a large scale Big Data platform and tools in all aspects, from data collection to...",Nothing_found
128,Dallas,Sr. Tensor Flow consultant (Machine Learning),L&T Infotech,"Dallas, TX",Overall 5+ years of experience. Working as a Consultant for Customer towards guiding and leading in the space of Machine Learning using TensorFlow....,Nothing_found
129,Dallas,Data Scientist,Axelon Services Corporation,"Plano, TX",Performs data studies of new and diverse data sources. Strategizes new uses for data and its interaction with data design....,Nothing_found
130,Dallas,Qualitative Research Analyst,2M Research Services,"Arlington, TX 76011 (East area)",Proficiency in using qualitative data analysis software such as NVivo or ATLAS.ti is also required. We are seeking a highly qualified Qualitative Research...,Nothing_found
131,Dallas,Research Analyst - Nutrition,2M Research Services,"Arlington, TX 76011 (East area)","A minimum of 3 years postgraduate experience in nutrition data collection, analysis, and interpretation is required....",Nothing_found
132,Dallas,Cyber Security Research Scientist 2,Wells Fargo,"Plano, TX","This role will determine likelihood, ease of exploit, data classification, impact and provide a severity/risk rating....",Nothing_found
133,Dallas,Senior Scientist Clinical Research,ABBOTT LABORATORIES,"Plano, TX","Position Summary This position will work closely within the clinical study team including the medical director, biostatistician, study management personnel,...",Nothing_found
134,Dallas,Quantitative Analyst / Data Scientist,Data One Global,"Plano, TX 75093",Job Description for Data One Quantitative Analyst / Data Scientist:. About Data One Global*. Experience with processing and coding real-time data....,Nothing_found
135,Dallas,Big Data Scientist,TierPM,"Dallas, TX",Experience with Big Data technologies specifically Hadoop; Troubleshoot complex issues in the big data analytics applications and Hadoop infrastructure....,Nothing_found
136,Pittsburgh,Quantitative Analytics & Model Development Analyst Sr,PNC Financial Services Group,"Pittsburgh, PA 15289",Data Gathering and Reporting - Working Experience. Analyzes complex data and associated quantitative analysis. Makes recommendations based on findings from data...,Nothing_found
137,Pittsburgh,"Machine Learning Engineer, Self-Driving, Pittsburgh",Uber,"Pittsburgh, PA 15201","The frontend that drives the user experience, the application mid-tier, and the machine learning backends that crunch large amounts of data....",Nothing_found
138,Pittsburgh,"Senior Database Developer (Data Modeling/Analysis, Java, Spring)",BNY Mellon,"Pittsburgh, PA 15219 (Middle Hill area)","Modelling, Data Analysis, and Data Performance. 8+ years experience w/ Data. Efforts to rationalize the Company’s data warehousing and reporting....",Nothing_found
139,Pittsburgh,Assistant Technical Manager,GNC - General Nutrition Centers,"Pittsburgh, PA","Manage discussions with Quality Control, Raw Material Suppliers, Contract Manufacturers, Analytical Laboratories and Technical Data Writers....",Nothing_found
140,Pittsburgh,Cultural Resources Technician,SWCA Environmental Consultants,"Bridgeville, PA",Assist with GPS data collection in the field. SWCA is an employee-owned company of environmental scientists and professionals who specialize in natural and...,Nothing_found
141,Pittsburgh,Level II Software Engineer,Oxford Solutions,"Pittsburgh, PA",Implement data infrastructure for emerging data classes. Level II Software Engineer - Big Data - Data Engineering....,Nothing_found
142,Pittsburgh,CNUP Assistant,The University of Pittsburgh,"Pittsburgh, PA","Expertise with Mac and PC computer formats, word processing, data base, and spread sheet packages. Their research interests span the breadth of neuroscience,...",Nothing_found
143,Pittsburgh,Cyber Security Engineer - 2004923,Software Engineering Institute,"Pittsburgh, PA 15213 (North Oakland area)",Data analytics and cybersecurity metrics. Expert experience in data analytics and cybersecurity metrics. Analyze assessment data to identify risk areas and...,Nothing_found
144,Pittsburgh,Environmental Engineer / Geologist Project Manager,"Civil & Environmental Consultants, Inc.","Export, PA 15632","Experience with preparing SWPPP and SPCC Plans, annual EPCRA Tier II and TRI reporting, Chemical Data Reporting under TSCA, general and individual NPDES...",Nothing_found
145,Pittsburgh,Senior Cyber Security Engineer - 2005737,Software Engineering Institute,"Pittsburgh, PA 15213 (North Oakland area)",Data analytics and cybersecurity metrics. Expert experience in data analytics and cybersecurity metrics. Analyze assessment data to identify risk areas and...,Nothing_found
146,Pittsburgh,Mechanical Designer,"Neuro Kinetics, Inc.","Pittsburgh, PA 15238","Must be able to communicate with scientists, production personnel, engineers, software developers, and marketing and sales team members....",Nothing_found
147,Pittsburgh,Product Manager - Advanced Technologies Group / ATG - Autonomous Vehicle Maps (AVMaps),Uber,"Pittsburgh, PA 15201 (Central Lawrenceville area)","As an Uber ATG PM, you will help technical teams of engineers, data scientists, and designers develop and scale software platforms that are critical to...",Nothing_found
148,Pittsburgh,Product Manager - Advanced Technologies Group / ATG - Pittsburgh,Uber,"Pittsburgh, PA 15201","You will lead teams of engineers, data scientists, and designers to develop and scale software platforms that are critical to autonomous cars:....",Nothing_found
149,Pittsburgh,Information Scientist Sr,PNC Financial Services Group,"Pittsburgh, PA 15289","Data Architecture - Extensive Experience. As an Information Scientist Senior within PNC's Enterprise Data Management organization, you will be based in...",Nothing_found
150,Pittsburgh,Principal Scientist/Technical Manager- New Applications,Covestro,"Pittsburgh, PA","Additionally, collects competitive material samples and/or testing data to benchmark materials and summarizes findings in reports....",Nothing_found
151,Portland,"RN, Medicine, FT, Nights",Oregon Health & Science University,"Portland, OR",Creating a therapeutic environment for this population includes establishing a therapeutic nurse-patient relationship that facilitates gathering critical...,Nothing_found
152,Portland,Administrative Assistant,PrideStaff,"Portland, OR",Data Entry Support for AR/AP. Experience working with Engineers and Scientist is a strong plus. Worldwide Environmental Engineering and Project Management...,Nothing_found
153,Portland,Wireless Architecture and Design Research Scientist,Intel,"Hillsboro, OR 97124","Work with other MAC / PHY and/or upper layer design teams, and design or develop function, simulation and data analysis, power/performance models to evaluate...",Nothing_found
154,Portland,Director of Infection Prevention,Oregon Patient Safety Commission,"Portland, OR",Ability to analyze and interpret data. Bachelors of Science in nursing degree (with a current Oregon nursing license) and/or a Clinical Laboratory Scientist...,"$85,000 - $105,000 a year"
155,Portland,Software Engineer 2 Machine Learning/Data Science,eBay Inc.,"Portland, OR 97204",Be able to extract patterns from large sets of data in order to deliver business insights from data. Help eBay take data to the next level....,Nothing_found
156,Portland,Data Scientist,eBay Inc.,"Portland, OR 97204",A data miner. Be able to extract patterns from large sets of data in order to deliver business insights from data. Help eBay take data to the next level....,Nothing_found
157,Portland,Manager of Business Data Analysis,C-TRAN,"Vancouver, WA 98661",Data processing techniques. Manager of Business Data Analysis*. Extensive job history in data mining or performance metrics preferred....,"$7,807 a month"
158,Portland,"Manufacturing Planner, Early-Career",BOEING,"Portland, OR",Skilled scientists and thinkers. Collects data to support producibility assessments for part or product designs....,Nothing_found
159,Portland,Catalyst Specialist (Relocation to Saudi Arabia),Saudi Aramco,United States,"Interacting with project scientists and technicians as well as management, proponents and other stakeholders....",Nothing_found
160,Portland,DIRECTOR FINANCE-PRESBYTERIAN HEALTH PLAN,Presbyterian Healthcare Services,United States,Identifies the appropriate metrics and external comparative data to measure Fluents progress towards its goals....,Nothing_found
161,Portland,Research Analyst / Trader - Morley Capital Management - #220837,Principal Financial,"Portland, OR 97201",Job Area: Investments Business Area: PGI Morley Location: OR - Portland Career Category: Experienced Professional Full/Part Time: Full-Time Regular/Temporary:...,Nothing_found
162,Portland,ASSISTANT MANAGER - NURSING - EMERGENCY DEPARTMENT,Presbyterian Healthcare Services,United States,"Add in Albuquerque’s International Balloon Fiesta, Los Alamos’ nuclear scientists, Roswell’s visitors from outer space, and....",Nothing_found
163,Portland,Physician Assistant - Orthopedic Surgery,Department of Veteran Affairs,"Portland, OR","Takes an active role in interdisciplinary care coordination, communicates relevant patient data. VAPORHCS is connected to Oregon Health & Science University (...",Nothing_found
164,Phoenix,Microbiology Lead Technologist,Gila River Health Care,"Sacaton, AZ","Medical Technologist or Clinical Laboratory Scientist with ASCP or equivalent certification required. Performs medical laboratory tests, procedures, experiments...",Nothing_found
165,Phoenix,Senior Laboratory Technician,Beacon Biomedical,"Phoenix, AZ","Assisting in data collection for periodic laboratory audits, Quality Improvement and special projects; May assists Clinical Laboratory Scientists in the...",Nothing_found
166,Phoenix,Big Data Engineer,DIVERSANT LLC,"Chandler, AZ 85225",Collaborate with data scientists to develop advanced modeling capabilities. Provide big data thought leadership to leverage data efficiently....,Nothing_found
167,Phoenix,Business Engagement Manager,Honeywell,"Phoenix, AZ 85034 (Central City area)","Lead a team of Data Scientists to build and productionize analytics. Using your expertise in data analytics and business consulting, you will convert business...",Nothing_found
168,Phoenix,"Account Executive - Phoenix, AZ or Irvine, CA","Alteryx, Inc.","Phoenix, AZ 85034 (Central City area)","Technologically savvy with experience in Business Intelligence, Strategic Analytics, Data Integration/ETL, Data Services Provider or Data Discovery...",Nothing_found
169,Phoenix,Quality Assurance Engineer (or Scientist),MRIGlobalSearch,"Phoenix, AZ","Our client has a fast paced culture of creation, innovation and collaboration. This aggressive organization has created tremendous opportunities for talented,...",Nothing_found
170,Phoenix,Histology Technologist,Caris Life Sciences,"Phoenix, AZ",Laboratory Scientists are responsible for performing routine histology duties; Demonstrated skills in technical data interpretation and ability to troubleshoot....,Nothing_found
171,Phoenix,Security and Fire Protection Multi Operations Senior Manager,BOEING,"Mesa, AZ 85215 (Northeast area)","EPSS data and processes; Reporting to the Security Technical Operations Senior Manager, this manager leads employees within the Security and Fire Protection...",Nothing_found
172,Phoenix,Instrumentation Technician 1,Exponent,"Phoenix, AZ 85027","Familiarity with instrumentation, system frequency response, data acquisition techniques, and digital and analog filtering techniques....",Nothing_found
173,Phoenix,Senior Software Engineer,SeekPro,"Scottsdale, AZ",You will also perform rigorous software validations using data acquired from benchmark simulation models developed in tested commercial software and data from...,Nothing_found
174,Phoenix,Senior Software Engineer,"VS Labs, LLC","Scottsdale, AZ",You will also perform rigorous software validations using data acquired from benchmark simulation models developed in tested commercial software and data from...,Nothing_found
175,Phoenix,Category Leader – Facilities Services,BOEING,"Mesa, AZ 85215 (Northeast area)",Skilled scientists and thinkers. Category Leaders have strong operational skills to manage complex/competing project teams and present compelling...,Nothing_found
176,Phoenix,Procurement Financial Analyst - Early Career,BOEING,"Mesa, AZ 85215","Skilled scientists and. Develops estimates from historical data, parametric analysis, technical requirements and diverse sources of data....",Nothing_found
177,Phoenix,Laboratory Information System Clinical Applications Specialist,Gila River Health Care,"Sacaton, AZ",Minimum of three (3) years clinical laboratory experience including with data systems responsibilities. Medical Technologist or Clinical Laboratory Scientist...,Nothing_found
178,Phoenix,"Scientist, WFM",Direct Energy,"Phoenix, AZ","Analyze data and process to continuously improve the staff utilization and customer experience. Can be located in Phoenix, Houston, or Tulsa....",Nothing_found
179,Denver,Watershed Scientist,Denver Water,"Denver, CO 80204","Is currently seeking a qualified candidate to assist us as a Watershed Scientist. Conduct and manage consultants for data collection, field studies, ecosystem...","$5,486 a month"
180,Denver,Quantitative Risk Analyst,CoBank,"Denver, CO","This role is responsible for assessing the performance and suitability of models by evaluating their mathematical theory and construct, analyzing the relevance...",Nothing_found
181,Denver,Security Data Science Director,Great-West,"Denver, CO",Experience managing Data Scientists. Great-West Financial is looking for a high-energy Director of Data Science to help build out a centralized security...,Nothing_found
182,Denver,Metallurgical Engineer/Materials Scientist,Johns Manville,"Littleton, CO","Expert in metallography, material data analysis, and interpretation of microstructures. Johns Manville's R&D Process Technology Group provides metallurgical /...",Nothing_found
183,Denver,Associate Professor,University of Colorado,"Aurora, CO","Data directed decision making, using benchmark and institutional metrics will be required. The Department of Pathology contains ~ 100 faculty, from basic...",Nothing_found
184,Denver,"Interdisciplinary Engineer/Geophysicist, GS-0854/0855/1313-11/12 (MDB-DEU)",Department of the Interior,"Golden, CO","Manage and maintain scientific data products and data systems. Manage critical real-time acquisition, transport, management, processing, and dissemination of...",Nothing_found
185,Denver,Geotechnical/Geological Engineer Associate - Denver,"Wiss, Janney, Elstner Associates","Denver, CO","Organizes field data to facilitate analysis and problem solving. Ability to record data clearly and write passages for reports, letters, etc....",Nothing_found
186,Denver,Data Scientist Snr Manager,Oracle,"Broomfield, CO",3+ years in leadership/management of data science/analytic team. Create processes to calibrate any external data with internal metrics and truth sets....,Nothing_found
187,Denver,Lead Data Engineer,ThoughtWorks,"Denver, CO",Understanding of how to architect solutions for data science and analytics such as productionizing machine learning models and collaborating with data...,Nothing_found
188,Denver,Software Engineer,"Flagship Biosciences, Inc.","Westminster, CO","The project is intended to provide Flagship’s entire image analysis and data management infrastructure, enabling Flagship computer vision scientists to develop...",Nothing_found
189,Denver,Lead Data Scientist,DISH Network,"Englewood, CO","The Data Scientist role will entail gathering and interpreting business needs, architecting and executing production data science solutions, and managing data...",Nothing_found
190,Denver,Senior Research Analyst,Nurse-Family Partnership,"Denver, CO 80203 (Capitol Hill area)","The Senior Research Analyst, in collaboration with other staff and external partners, will help design and conduct evaluation and research studies of program...",Nothing_found
191,Denver,Principal Machine Learning Engineer,Pearson,"Centennial, CO","+ Develop scalable data processing pipelines. Together with a highly multi-disciplinary team of engineers, scientists, strategic partners, product managers and...",Nothing_found
192,Denver,Principal Engineer I - Data Scientist,Spectrum,"Centennial, CO 80122","The Principal Engineer- Data Scientist will be responsible for designing, building and extracting large and complex data sets while thinking strategically about...",Nothing_found
193,Denver,People Data Scientist (Temporary),"Terumo BCT, Inc.","Lakewood, CO","As a People Data Scientist, you'll help us analyze our people data better to support insights at scale. Thorough understanding of data science process and data...",Nothing_found
194,Houston,Process Development Scientist,Bellicum Pharmaceuticals,"Houston, TX 77030",Work with the manufacturing and development teams to generate data to support advancement of Bellicum’s products....,Nothing_found
195,Houston,Engineering Consultant,alliantgroup,"Houston, TX","Assist in the research & analysis of client data. As a Consultant, you will work in a team environment alongside some of the best in the business including...",Nothing_found
196,Houston,Research Analyst,CBRE,"Houston, TX",Ability to handle and manipulate large amounts of data. Reviews and evaluates data results collected by themselves and others within the research team to ensure...,Nothing_found
197,Houston,"Quantitative Analysis, Commodities Summer Analyst (North America)",Citi,"Houston, TX","You're the brains behind our work. Youre the brains behind our work. Youre ready to bring your knowledge from the classroom to the boardroom, and Citi wants...",Nothing_found
198,Houston,Senior Natural Gas Market Analyst,Hart Energy,"Houston, TX","Coordinate internally with key stakeholders across Stratas Advisors, including economists, political scientists and geologists, to create and maintain an...",Nothing_found
199,Houston,Data Management Analyst - Center for Translational Injury Research,The University of Texas Health Science Center at H...,"Houston, TX","Experience providing analysis of data. Utilizing analytical and data management tools, performs intermediate level data creation, management, analysis and...",Nothing_found
200,Houston,Geoscience Students Seeking an Internship,ExxonMobil,"Houston, TX 77046 (Montrose area)","Ability to integrate knowledge, varied data sets, analogs and ideas to solve geological problems to support the business....",Nothing_found
201,Houston,Postdoctoral Associate,Baylor College of Medicine,"Houston, TX","The PI is specifically seeking scientists with a strong track record in research collaboration, protocol development, independence, critical thinking, and skill...",Nothing_found
202,Houston,"Senior Medical Lab Scientist, Lab Services - Victory Lakes Pathology",The University of Texas Medical Branch,"League City, TX","Reviews test results, QC data, proficiency data for accuracy and monitors QA and CLIA requirements,. Senior Medical Lab Scientist, Lab Services - Victory Lakes...",Nothing_found
203,Houston,Cyber Research and Hunting Analyst,Macquarie Group Limited,"Houston, TX","Forensic analysis including data carving, process and network traffic enumeration, registry artifacts, timeline production, etc....",Nothing_found
204,Houston,Web Application Developer,BioScience Writers,"Houston, TX 77025 (Medical area)","Verify accuracy, safety, and completeness of projects by implementing comprehensive testing and sample data;...",Nothing_found
205,Houston,Geoscience Students Seeking an Internship,Exxon Mobil,"Houston, TX","Ability to integrate knowledge, varied data sets, analogs and ideas to solve geological problems to support the business....",Nothing_found
206,Houston,Exam Admin,Elsevier,"Houston, TX","Data Entry of Packages. A global company based in Amsterdam, Elsevier partners with scientists, researchers, healthcare providers, educators and decision-makers...",Nothing_found
207,Houston,Lead Data Scientist,Invesco,"Houston, TX","Lead Data Scientist, Disruptive Technologies Job Summary. Perform explanatory data analysis, generate and test working hypotheses, prepare and analyze...",Nothing_found
208,Houston,Sr. Principal Data Scientist,Invesco,"Houston, TX","Lead Data Scientist, Disruptive Technologies. Experience with data visualization tools. Perform explanatory data analysis, generate and test working hypotheses,...",Nothing_found
209,Miami,Quantitative Analyst/ Programmer,Guzman Energy,"Coral Gables, FL 33134",Mine and analyze data pertaining to markets and help design statistical models to support trade strategies. Proficiency at querying relational databases (SQL)...,Nothing_found
210,Miami,Certifying Scientist,Clinical Lab,"Miami, FL 33169",A clinical toxicology laboratory in North Miami Beach is seeking a Certifying Scientist with strong chromatography skills to perform quantification and data...,Nothing_found
211,Miami,Sr. Scientist Product Development Operations,Germer International,"Fort Lauderdale, FL","Scientist, Product Development Operations. Proficiency in analysis of data using statistical evaluation. Sr....","$80,000 - $105,000 a year"
212,Miami,Supplier Quality Engineer (Data Scientist),"TekPartners, A P2P Company","Plantation, FL","Supplier Quality Engineer (Data Scientist) Location:. Strong data analysis capability including ability to articulate the findings; Plantation, FL Duration:....",Nothing_found
213,Miami,"Senior Interior Designer - Healthcare market | Miami, FL","Gresham, Smith and Partners.","Coral Gables, FL","Compile data, perform design computations and prepare plans and renderings. GS&P consists of industry-leading professionals practicing architecture and...",Nothing_found
214,Miami,Web Portal Developer,"TekPartners, A P2P Company","Plantation, FL","The goal is to develop and deploy a fully automated test automation solution that empowers a wide community of software engineers, scientists, and artists to...",Nothing_found
215,Miami,Senior Administrative Assistant,Beckman Coulter - Diagnostics,"Miami, FL",Scientists use our life science research instruments to study complex biological problems including causes of disease and potential new therapies or drugs....,Nothing_found
216,Miami,Project Scientist (FDOT Transportation Improvement Contamination Experience),HCR,"Fort Lauderdale, FL","The Project Scientist supports the work of the Project Teams by performing tasks including field sampling, data compilation, assisting with report preparation,...",Nothing_found
217,Miami,Senior Accounting Assistant,HDR,"Miami Lakes, FL",Work with section and project personnel to provide timely contract performance data and resolve financial issues....,Nothing_found
218,Miami,"Environmental Scientist, Engineer or Geologist - Entry to 2 Years Experience","Langan Engineering and Environmental Services, Inc...","Miami, FL","Data management, processing and evaluation; Langan has an opening for an Environmental Scientist, Engineer or Geologist at our Miami Lakes, FL office....",Nothing_found
219,Miami,"Director, Revenue",Kerzner International,"Fort Lauderdale, FL 33324",You will also need to be capable of leading a team of data scientists and working across multiple analytics platforms to apply leading edge technology and...,Nothing_found
220,Miami,"Software Engineer, Machine Learning & Computer Vision",3GIMBALS,"Miami, FL","Database management and data warehousing. Experience with big data a plus. 3GIMBALS is a small team (< 20) of military veterans, intelligence analysts, and data...","$100,000 - $125,000 a year"
221,Miami,Senior HR Manager,Dyson,"Miami, FL","Ensure all employee data is up to date and accessible. Using a desire to make things work better as a catalyst for invention, our team of 3,000 engineers and...",Nothing_found
222,Miami,Quality Assurance Scientist,Kelly Services,"Hialeah, FL 33014",$20 per hour Summary Assists in data collection and analysis of quality data generated from Hematology systems....,Nothing_found
223,Miami,Medical Director - Physiatry/PM&R,Miami Children’s Health System,"Miami, FL 33155","The position is primarily a clinical position related to the diagnosis, treatment and clinical management of pediatric patients in a multidisciplinary...",Nothing_found
224,Washington+DC,Scientist - Discovery Proteomics,NantWorks,"Rockville, MD 20850","Experience with large-scale data analysis and bioinformatics. Hands-on experience with Quadrupole-Orbitrap mass spectrometry, nano-LC fluidics, and data...",Nothing_found
225,Washington+DC,"Data Scientist (Machine Learning, NLP, Text Analytics)",Leidos,"Herndon, VA 20171","The Advanced Solutions Group (ASG) at Leidos has a career opportunity for a Data Scientist specializing in text analytics located in Herndon, VA, Arlington, VA,...",Nothing_found
226,Washington+DC,Development Data Analyst,ASET Partners,"Washington, DC","Seven years or more years of specialized experience working on complex data/database projects as a data analyst, data architect, data scientist or database...",Nothing_found
227,Washington+DC,"Adaptation Analytics Intern, Thriving Earth Exchange (TEX)",American Geophysical Union,"Washington, DC 20009 (U Street Corridor area)","Experience and demonstrated skill with data management and data integration. Graduate work in computer science, data analytics, artificial intelligence, or...",Nothing_found
228,Washington+DC,Data Scientist/Software Engineer,Systems & Technology Research,"Arlington, VA 22203 (Bluemont area)","Systems & Technology Research (STR) is seeking data scientists and software engineers to support exciting new projects in the Washington, DC area....",Nothing_found
229,Washington+DC,Data Analyst (Statistical Analysis),Teracore,"Washington, DC",Experience managing small data analytics teams. Previous experience working on DHS data systems. The Data Analyst will work on a small project team to provide...,Nothing_found
230,Washington+DC,Statistician/Consult Predictive Analytics,Dun & Bradstreet,"Reston, VA 20190",Drive timely retrieval of risk analytics data from existing systems to create algorithms that meet business needs....,Nothing_found
231,Washington+DC,Computer Scientist (Data Management),U.S. Federal Government,"Washington, DC",Provide data governance and stewardship support maintaining standardization and ownership rules for data resources in collaboration with business areas data...,Nothing_found
232,Washington+DC,Data Scientist,Coverent,"McLean, VA","Coverent is seeking a Data Scientist to lead quantitative research and program evaluation activities as part of a multidisciplinary, mission-focused data...",Nothing_found
233,Washington+DC,Data Scientist,Vencore,"McLean, VA",Handle processing and index requests against high-volume collections of data and high-velocity data streams. Has the ability to make discoveries in the world of...,Nothing_found
234,Washington+DC,Data Scientist/Advanced Analytics and Modeling Consultant,Deloitte,"Arlington, VA 22209 (Radnor-Ft Myer Heights area)","4 + years of data mining and predictive modeling experience. Extensive knowledge of tools for data mining and statistics (SAS, R, SPSS, Matlab)....",Nothing_found
235,Washington+DC,Sr. Data Scientist,Pivotal Software,"Washington, DC","A proven passion for generating insights from data, with a strong familiarity with the higher-level trends in data growth, open-source platforms, and public...",Nothing_found
236,Washington+DC,Data Scientist,Deloitte,"Arlington, VA 22209",Gathering data from both information systems and personal interactions. Do you want to build your brand by working for a leading consulting firm that drives...,Nothing_found
237,Washington+DC,Data Scientist,Leidos,"Suitland, MD 20752",O Statistical data analysis and use of data analysis tools (e.g. O Data preparation and visualization/presentation....,Nothing_found
238,Washington+DC,Data Scientist,Central Intelligence Agency,"Washington, DC","Data Scientists organize and interpret Big Data to inform US decision makers, drive successful operations and shape CIA technology and resource investments....","$62,338 - $119,794 a year"
239,Boulder,People Data Scientist (Temporary),"Terumo BCT, Inc.","Lakewood, CO","As a People Data Scientist, you'll help us analyze our people data better to support insights at scale. Thorough understanding of data science process and data...",Nothing_found
240,Boulder,Quantitative Risk Analyst,CoBank,"Denver, CO","This role is responsible for assessing the performance and suitability of models by evaluating their mathematical theory and construct, analyzing the relevance...",Nothing_found
241,Boulder,SQL Server DBA,iNovate Solutions,"Louisville, CO","Perform data research in support of analysts and data scientists. In this role, you will be responsible for understanding the system data, performing quality...",Nothing_found
242,Boulder,Research Analyst – Office of Institutional Research & Analysis,University of Denver,"Denver, CO","Your proficiency working with complex data. Ability to explore data models and build queries to efficiently extract, analyze, and report data from multiple...",Nothing_found
243,Boulder,Software Development Engineer - Machine Learning,Conga,"Broomfield, CO",Knowledge of industry standards and trends on Big Data. Create and maintain machine learning models with a focus on big data....,Nothing_found
244,Boulder,Business Intelligence Director,CREDIT UNION OF COLORADO,"Denver, CO","Working knowledge of data architecture, database design, data modeling and data warehousing. Consult on disaster recovery, data replication and other...",Nothing_found
245,Boulder,Principal Systems Information Engineer (661137),Ball Aerospace,"Boulder, CO","Ensure that relevant threat and vulnerability data is considered in support of information security decisions. Our team of more than 3,000 engineers, scientists...",Nothing_found
246,Boulder,Systems Information Engineer II (661714),Ball Aerospace,"Boulder, CO","Ensure that relevant threat and vulnerability data is considered in support of information security decisions. Our team of more than 3,000 engineers, scientists...",Nothing_found
247,Boulder,"Sr Staff Scientist, R&D",DigitalGlobe,"Westminster, CO",Experience with 3D and elevation data. Please review the job details below....,Nothing_found
248,Boulder,"Senior Associate, Data Scientist - Optimization",KPMG,"Denver, CO 80202 (Lodo area)","KPMG is currently seeking a Senior Associate, Data Scientist - Optimization, to join our Advanced Data and Analytics Organization....",Nothing_found
249,Boulder,Competitive Research Analyst,Layer3 TV,"Denver, CO","Strong analytical skills, including ability to analyze large data sets, identify insights, and synthesize how insights impact business decisions....",Nothing_found
250,Boulder,JCSDA Software Engineer/Programmer II - JEDI,UCAR,"Boulder, CO",This position is under the Joint Center for Satellite Data Assimilation (JCSDA) and provides partial support for the Joint Effort for Data assimilation...,Nothing_found
251,Boulder,Principal Machine Learning Engineer,Pearson,"Centennial, CO","+ Develop scalable data processing pipelines. Together with a highly multi-disciplinary team of engineers, scientists, strategic partners, product managers and...",Nothing_found
252,Boulder,Principal Engineer I - Data Scientist,Spectrum,"Centennial, CO 80122","The Principal Engineer- Data Scientist will be responsible for designing, building and extracting large and complex data sets while thinking strategically about...",Nothing_found
253,Boulder,Watershed Scientist,Denver Water,"Denver, CO 80204","Is currently seeking a qualified candidate to assist us as a Watershed Scientist. Conduct and manage consultants for data collection, field studies, ecosystem...","$5,486 a month"
